Workbook

Sheet Data sheet
A1: Item | B1: Quantity | C1: Rate (Rs)
A2: Notebook | B2: 15 | C2: 40
A3: Ball Pen | B3: 30 | C3: 10
A4: School Bag | B4: 3 | C4: 550
A5: Water Bottle | B5: 8 | C5: 120
A6: Geometry Box | B6: 5 | C6: 90
A7: Calculator | B7: 2 | C7: 350
A8: Pencil Box | B8: 10 | C8: 60
A9: Highlighter Set | B9: 6 | C9: 85
A10: Sketch Pens | B10: 12 | C10: 45
A11: A4 Paper Ream | B11: 4 | C11: 280
A12: Stapler | B12: 3 | C12: 150
A13: Whiteboard Marker | B13: 20 | C13: 15
... A16: Glue Stick | B16: 14 | C16: 25

Sheet INVOICE SHEET
A1: Traders.pvt.Limited
A2: xyz, noida ,sec-23
A3: near suncity society
A4: INVOICE NO. - | F4: DATE-
A5: NAME -
A6: CONTACT NO.-
A7: EMAIL ID-
A9: ITEMS | C9: QUANTITY | E9: RATES (RS) | G9: AMOUNT(RS)
C10: =IFERROR(VLOOKUP(A10,'Data sheet'!$A$2:$C$16,2,FALSE)," ") | E10: =IFERROR(VLOOKUP(A10,'Data sheet'!$A$2:$C$16,3,0)," ") | G10: =IFERROR(C10*E10," ")
C11: =IFERROR(VLOOKUP(A11,'Data sheet'!$A$2:$C$16,2,FALSE)," ") | E11: =IFERROR(VLOOKUP(A11,'Data sheet'!$A$2:$C$16,3,0)," ") | G11: =IFERROR(C11*E11," ")
C12: =IFERROR(VLOOKUP(A12,'Data sheet'!$A$2:$C$16,2,FALSE)," ") | E12: =IFERROR(VLOOKUP(A12,'Data sheet'!$A$2:$C$16,3,0)," ") | G12: =IFERROR(C12*E12," ")
C13: =IFERROR(VLOOKUP(A13,'Data sheet'!$A$2:$C$16,2,FALSE)," ") | E13: =IFERROR(VLOOKUP(A13,'Data sheet'!$A$2:$C$16,3,0)," ") | G13: =IFERROR(C13*E13," ")
C14: =IFERROR(VLOOKUP(A14,'Data sheet'!$A$2:$C$16,2,FALSE)," ") | E14: =IFERROR(VLOOKUP(A14,'Data sheet'!$A$2:$C$16,3,0)," ") | G14: =IFERROR(C14*E14," ")
C15: =IFERROR(VLOOKUP(A15,'Data sheet'!$A$2:$C$16,2,FALSE)," ") | E15: =IFERROR(VLOOKUP(A15,'Data sheet'!$A$2:$C$16,3,0)," ") | G15: =IFERROR(C15*E15," ")
C16: =IFERROR(VLOOKUP(A16,'Data sheet'!$A$2:$C$16,2,FALSE)," ") | E16: =IFERROR(VLOOKUP(A16,'Data sheet'!$A$2:$C$16,3,0)," ") | G16: =IFERROR(C16*E16," ")
C17: =IFERROR(VLOOKUP(A17,'Data sheet'!$A$2:$C$16,2,FALSE)," ") | E17: =IFERROR(VLOOKUP(A17,'Data sheet'!$A$2:$C$16,3,0)," ") | G17: =IFERROR(C17*E17," ")
C18: =IFERROR(VLOOKUP(A18,'Data sheet'!$A$2:$C$16,2,FALSE)," ") | E18: =IFERROR(VLOOKUP(A18,'Data sheet'!$A$2:$C$16,3,0)," ") | G18: =IFERROR(C18*E18," ")
C19: =IFERROR(VLOOKUP(A19,'Data sheet'!$A$2:$C$16,2,FALSE)," ") | E19: =IFERROR(VLOOKUP(A19,'Data sheet'!$A$2:$C$16,3,0)," ") | G19: =IFERROR(C19*E19," ")
C20: =IFERROR(VLOOKUP(A20,'Data sheet'!$A$2:$C$16,2,FALSE)," ") | E20: =IFERROR(VLOOKUP(A20,'Data sheet'!$A$2:$C$16,3,0)," ") | G20: =IFERROR(C20*E20," ")
C21: =IFERROR(VLOOKUP(A21,'Data sheet'!$A$2:$C$16,2,FALSE)," ") | E21: =IFERROR(VLOOKUP(A21,'Data sheet'!$A$2:$C$16,3,0)," ") | G21: =IFERROR(C21*E21," ")
... C24: =IFERROR(VLOOKUP(A24,'Data sheet'!$A$2:$C$16,2,FALSE)," ") | E24: =IFERROR(VLOOKUP(A24,'Data sheet'!$A$2:$C$16,3,0)," ") | G24: =IFERROR(C24*E24," ")
E25: SUBTOTAL | G25: =SUM(G10:I24) -> 0
E26: GST(5%) | G26: =G25*5% -> 0
E27: TOTAL | G27: =G26+G25 -> 0
A31: SIGNATURE
A32: ___________________
